{
  "Logistic Regression": {
    "accuracy": 0.8869693978282329,
    "precision": 0.6076233183856502,
    "recall": 0.8338461538461538,
    "f1_score": 0.7029831387808041,
    "roc_auc": 0.9437489259711482
  },
  "Random Forest": {
    "accuracy": 0.9407699901283317,
    "precision": 0.9019607843137255,
    "recall": 0.7076923076923077,
    "f1_score": 0.7931034482758621,
    "roc_auc": 0.983070591959481
  },
  "Gradient Boosting": {
    "accuracy": 0.9684106614017769,
    "precision": 0.9515570934256056,
    "recall": 0.8461538461538461,
    "f1_score": 0.8957654723127035,
    "roc_auc": 0.992408085741419
  }
}