{
  "accuracy": 0.9684106614017769,
  "precision": 0.9515570934256056,
  "recall": 0.8461538461538461,
  "f1_score": 0.8957654723127035,
  "roc_auc": 0.992408085741419,
  "confusion_matrix": [
    [
      1687,
      14
    ],
    [
      50,
      275
    ]
  ]
}